0.5488135039273248,0.7151893663724195,1.0
0.6027633760716439,0.5448831829968969,1.0
0.4236547993389047,0.6458941130666561,1.0
0.4375872112626925,0.8917730007820798,0.0
0.9636627605010293,0.3834415188257777,1.0
0.7917250380826646,0.5288949197529045,1.0
0.5680445610939323,0.925596638292661,0.0
0.07103605819788694,0.08712929970154071,0.0
0.02021839744032572,0.832619845547938,0.0
0.7781567509498505,0.8700121482468192,0.0
0.978618342232764,0.7991585642167236,0.0
0.46147936225293185,0.7805291762864555,1.0
0.11827442586893322,0.6399210213275238,0.0
0.1433532874090464,0.9446689170495839,0.0
0.5218483217500717,0.4146619399905236,1.0
0.26455561210462697,0.7742336894342167,1.0
0.45615033221654855,0.5684339488686485,1.0
0.018789800436355142,0.6176354970758771,0.0
0.6120957227224214,0.6169339968747569,1.0
0.9437480785146242,0.6818202991034834,0.0
0.359507900573786,0.43703195379934145,1.0
0.6976311959272649,0.06022547162926983,0.0
0.6667667154456677,0.6706378696181594,1.0
0.2103825610738409,0.1289262976548533,0.0
0.31542835092418386,0.3637107709426226,1.0
0.5701967704178796,0.43860151346232035,1.0
0.9883738380592262,0.10204481074802807,0.0
0.2088767560948347,0.16130951788499626,0.0
0.6531083254653984,0.2532916025397821,1.0
0.4663107728563063,0.24442559200160274,1.0
0.15896958364551972,0.11037514116430513,0.0
0.6563295894652734,0.1381829513486138,0.0
0.1965823616800535,0.3687251706609641,1.0
0.8209932298479351,0.09710127579306127,0.0
0.8379449074988039,0.09609840789396307,0.0
0.9764594650133958,0.4686512016477016,0.0
0.9767610881903371,0.604845519745046,0.0
0.7392635793983017,0.039187792254320675,0.0
0.2828069625764096,0.1201965612131689,0.0
0.29614019752214493,0.11872771895424405,0.0
0.317983179393976,0.41426299451466997,1.0
0.06414749634878436,0.6924721193700198,0.0
0.5666014542065752,0.2653894909394454,1.0
0.5232480534666997,0.09394051075844168,0.0
0.5759464955561793,0.9292961975762141,0.0
0.31856895245132366,0.6674103799636817,1.0
0.13179786240439217,0.7163272041185655,0.0
0.2894060929472011,0.18319136200711683,0.0
0.5865129348100832,0.020107546187493552,0.0
0.8289400292173631,0.004695476192547066,0.0
0.6778165367962301,0.27000797319216485,1.0
0.7351940221225949,0.9621885451174382,0.0
0.24875314351995803,0.5761573344178369,1.0
0.592041931271839,0.5722519057908734,1.0
0.2230816326406183,0.952749011516985,0.0
0.44712537861762736,0.8464086724711278,1.0
0.6994792753175043,0.29743695085513366,1.0
0.8137978197024772,0.39650574084698464,0.0
0.8811031971111616,0.5812728726358587,0.0
0.8817353618548528,0.6925315900777659,0.0
0.7252542798196405,0.5013243819267023,1.0
0.9560836347232239,0.6439901992296374,0.0
0.4238550485581797,0.6063932141279244,1.0
0.019193198309333526,0.30157481667454933,0.0
0.660173537492685,0.29007760721044407,1.0
0.6180154289988415,0.42876870094576613,1.0
0.13547406422245023,0.29828232595603077,0.0
0.5699649107012649,0.5908727612481732,1.0
0.5743252488495788,0.6532008198571336,1.0
0.6521032700016889,0.43141843543397396,1.0
0.896546595851063,0.36756187004789653,0.0
0.4358649252656268,0.8919233550156721,1.0
0.8061939890460857,0.7038885835403663,1.0
0.10022688731230112,0.9194826137446735,0.0
0.7142412995491114,0.9988470065678665,0.0
0.14944830465799375,0.8681260573682142,0.0
0.16249293467637482,0.6155595642838442,0.0
0.12381998284944151,0.8480082293222344,0.0
0.8073189587250107,0.5691007386145933,1.0
0.40718329722599966,0.06916699545513805,0.0
0.6974287731445636,0.45354268267806885,1.0
0.7220555994703479,0.8663823259286292,0.0
0.9755215050028858,0.855803342392611,0.0
0.011714084185001972,0.3599780644783639,0.0
0.729990562424058,0.17162967726144052,0.0
0.5210366062041293,0.05433798833925363,1.0
0.19999652489640007,0.01852179446061397,0.0
0.7936977033574206,0.22392468806038013,0.0
0.3453516806969027,0.9280812934655909,0.0
0.7044144019235328,0.03183892953130785,0.0
0.16469415649791275,0.6214784014997635,1.0
0.5772285886041676,0.23789282137450862,1.0
0.9342139979247938,0.613965955965896,0.0
0.5356328030249583,0.589909976354571,1.0
0.7301220295167696,0.31194499547960186,1.0
0.3982210622160919,0.20984374897512215,1.0
0.18619300588033616,0.9443723899839336,0.0
0.7395507950492876,0.4904588086175671,1.0
0.22741462797332324,0.25435648177039294,1.0
0.05802916032387562,0.4344166255581208,0.0
0.3117958819941026,0.6963434888154595,1.0
0.3777518392924809,0.1796036775596348,1.0
0.02467872839133123,0.06724963146324858,0.0
0.6793927734985673,0.4536968445560453,1.0
0.5365792111087222,0.8966712930403421,0.0
0.9903389473967044,0.21689698439847394,0.0
0.6630782031001008,0.26332237673715064,1.0
0.02065099946572868,0.7583786538361414,0.0
0.32001715082246784,0.38346389417189797,1.0
0.5883171135536057,0.8310484552361904,1.0
0.6289818435911487,0.8726506554473953,0.0
0.27354203481563577,0.7980468339125637,0.0
0.1856359443059522,0.9527916569719446,0.0
0.6874882763878153,0.21550767711355845,1.0
0.9473705904889242,0.7308558067701578,0.0
0.25394164259502583,0.21331197736748198,0.0
0.5182007139306632,0.025662718054531575,0.0
0.2074700754411094,0.42468546875150626,1.0
0.37416998033422555,0.4635754243648107,1.0
0.2776287062947319,0.5867843464581688,1.0
0.8638556059232314,0.11753185596203308,0.0
0.5173791071541142,0.1320681063451533,1.0
0.7168596811925937,0.39605970280729375,1.0
0.565421311858509,0.18327983621407862,1.0
0.14484775934337724,0.48805628064895457,1.0
0.3556127378499556,0.940431945252813,0.0
0.7653252538069653,0.7486636198505473,1.0
0.9037197397459334,0.08342243544201855,0.0
0.5521924699224066,0.5844760689557689,1.0
0.961936378547229,0.29214752679254885,0.0
0.24082877991544682,0.10029394226549782,0.0
0.016429629591474204,0.9295293167921905,0.0
0.66991654659091,0.7851529120231378,1.0
0.2817301057539491,0.5864101661863267,1.0
0.06395526612098112,0.4856275959346229,0.0
0.9774951397444468,0.8765052453165908,0.0
0.33815895183684563,0.9615701545414985,0.0
0.2317016264712045,0.9493188224156814,0.0
0.9413777047064986,0.7992025873523917,0.0
0.6304479368667911,0.874287966624947,1.0
0.2930202845077967,0.8489435553129182,0.0
0.6178766919175238,0.01323685775889949,0.0
0.34723351793221957,0.14814086094816503,0.0
0.9818293898182532,0.47837030703998806,0.0
0.4973913654986627,0.6394725163987236,1.0
0.3685846061296175,0.13690027168559893,0.0
0.8221177331942455,0.18984791190275796,0.0
0.511318982546456,0.22431702897473926,1.0
0.09784448449403405,0.8621915174216833,0.0
0.9729194890231303,0.9608346580630002,0.0
0.906555499221179,0.7740473326986388,0.0
0.3331451520286419,0.08110138998799676,0.0
0.40724117141380733,0.23223414217094274,1.0
0.13248763475798297,0.05342718178682526,0.0
0.7255943642105788,0.011427458625031028,0.0
0.7705807485027762,0.14694664540037505,0.0
0.07952208258675575,0.08960303423860538,0.0
0.6720478073539145,0.24536720985284477,1.0
0.42053946668009845,0.5573687913239169,1.0
0.8605511738287938,0.7270442627113283,0.0
0.27032790523871464,0.1314827992911276,0.0
0.05537432042119794,0.3015986344809425,0.0
0.26211814923967824,0.45614056680047965,1.0
0.6832813355476804,0.6956254456388572,1.0
0.28351884658216664,0.3799269559001205,1.0
0.18115096173690304,0.7885455123065187,0.0
0.0568480764332403,0.6969972417249873,0.0
0.7786953959411034,0.7774075618487531,0.0
0.25942256434535493,0.37381313793256143,1.0
0.587599635196389,0.272821902424467,1.0
0.3708527992178887,0.19705428018563964,1.0
0.4598558837560074,0.044612301254114084,0.0
0.799795884570618,0.07695644698663273,0.0
0.518835148831526,0.3068100995451961,1.0
0.5775429488313755,0.9594333408334251,0.0
0.6455702444560039,0.03536243575549092,0.0
0.43040243950806123,0.5100168523182502,1.0
0.536177494703452,0.6813925106038379,1.0
0.2775960977317661,0.1288605654663202,0.0
0.39267567654709434,0.9564057227959488,0.0
0.18713089175084474,0.903983954928237,0.0
0.5438059500773263,0.4569114216457658,1.0
0.8820414102298896,0.45860396176858587,0.0
0.7241676366115433,0.399025321703102,1.0
0.9040443929009577,0.6900250201912274,0.0
0.6996220542505167,0.3277204015571189,1.0
0.7567786427368892,0.6360610554471413,1.0
0.24002027337970955,0.16053882248525642,0.0
0.7963914745173317,0.9591666030352225,0.0
0.45813882726004285,0.5909841653236849,1.0
0.8577226441935546,0.45722345335385706,1.0
0.9518744768327362,0.5757511620448724,0.0
0.820767120701315,0.9088437184127384,0.0
0.8155238187685688,0.15941446344895593,0.0
0.6288984390617004,0.3984342586196771,1.0
0.0627129520233457,0.42403225188984195,0.0
0.2586840668894077,0.8490383084285108,0.0
0.03330462654669619,0.9589827218634736,0.0
0.3553688484719296,0.3567068904025429,1.0
0.01632850268370789,0.18523232523618394,0.0
0.4012595008036087,0.9292914173027139,0.0
0.09961493022127133,0.9453015334790795,0.0
0.8694885305466322,0.4541623969075518,0.0
0.32670088176826007,0.23274412927905685,1.0
0.6144647064768743,0.03307459147550562,0.0
0.015606064446828216,0.42879572249823783,0.0
0.0680740739747202,0.2519409882460929,0.0
0.22116091534608384,0.2531911937228519,1.0
0.13105523121525775,0.01203622289765427,0.0
0.11548429713874808,0.6184802595127479,0.0
0.9742562128180503,0.9903450015608939,0.0
0.4090540953730616,0.16295442604660537,0.0
0.6387617573665293,0.49030534654873714,1.0
0.9894097772844315,0.0653042071517802,0.0
0.7832344383138131,0.2883984973314939,1.0
0.241418620076574,0.662504571532676,1.0
0.24606318499096447,0.6658591175591877,1.0
0.5173085172022888,0.4240889884358493,1.0
0.554687808661419,0.28705151991962974,1.0
0.7065747062729789,0.414856869333564,1.0
0.36054556048589226,0.8286569145557378,0.0
0.9249669119531921,0.046007310887296926,0.0
0.2326269928297655,0.34851936949256324,1.0
0.8149664793702474,0.9854914276432976,0.0
0.9689717046703518,0.9049483455499269,0.0
0.2965562650640299,0.9920112434144741,0.0
0.2494200410564512,0.1059061548822322,0.0
0.9509526110553941,0.2334202554680963,0.0
0.6897682650777505,0.05835635898058866,0.0
0.7307090991274762,0.8817202123338397,0.0
0.2724368954659625,0.37905689607742854,1.0
0.3742961833209161,0.7487882575401331,1.0
0.23780724253903884,0.171853099047643,0.0
0.4492916486877381,0.3044684073773195,1.0
0.8391891222586524,0.23774182601563876,0.0
0.5023894574892614,0.9425835996979304,0.0
0.6339976977446607,0.8672894054624648,0.0
0.9402096893547673,0.7507648618863519,0.0
0.6995750602247514,0.9679655666042271,0.0
0.9944007896476794,0.45182168266975964,0.0
0.07086977818420837,0.29279403144051885,0.0
0.15235470568773046,0.4174863747960118,0.0
0.13128932847325603,0.604117804020882,0.0
0.3828080591578541,0.89538588428821,0.0
0.9677946717985019,0.5468849016694222,0.0
0.2748235698675966,0.5922304187618368,1.0
0.8967611582244098,0.4067333458357483,0.0
0.5520782766919708,0.2716527676061459,1.0
0.455444149450027,0.40171353537959864,1.0
0.24841346508297102,0.5058663838253084,1.0
0.3103808259798114,0.37303486388074747,1.0
0.5249704422542643,0.7505950229289875,1.0
0.3335074657912753,0.9241587666207636,0.0
0.8623185468359024,0.04869029597552854,0.0
0.25364252425682277,0.4461355126592019,1.0
0.10462788874247408,0.3484759890334971,0.0
0.7400975256176825,0.6805144811428259,1.0
0.6223844285660048,0.7105284027223456,1.0
0.20492368695970176,0.3416981148647321,1.0
0.6762424822774629,0.8792347630313271,0.0
0.5436780538280952,0.2826996509455366,1.0
0.03023525800598259,0.7103368289742134,0.0
0.007884103508440377,0.3726790698209955,0.0
0.5305372145627818,0.922111461767193,0.0
0.08949454503290011,0.4059423219682837,0.0
0.024313199710157773,0.3426109843415903,0.0
0.6222310588397949,0.2790679482285984,1.0
0.2097499496556351,0.11570323332709365,0.0
0.5771402440203418,0.695270005904686,1.0
0.6719571405958223,0.9488610207205074,0.0
0.0027032138935026984,0.647196653894036,0.0
0.6003922370976396,0.5887396099702882,1.0
0.9627703198402424,0.016871673370039697,0.0
0.6964824307014501,0.8136786497018634,1.0
0.5098071966215841,0.33396486959680916,1.0
0.7908401632274049,0.09724292563242465,0.0
0.44203563772992527,0.5199523745708382,1.0
0.6939564109345475,0.09088573203240946,0.0
0.22775950153786095,0.41030156269012563,1.0
0.6232946730201306,0.8869607812174175,0.0
0.6188261682413765,0.13346147093493443,0.0
0.9805801327872824,0.8717857347554929,0.0
0.502720761145324,0.922347981796633,0.0
0.5413807937571358,0.9233060678891631,0.0
0.8298973686033432,0.9682864102942973,0.0
0.9197828107781584,0.03603381742856948,0.0
0.17477200416093996,0.38913467710118577,1.0
0.9521426972954208,0.3000289194759296,0.0
0.16046764388760104,0.8863046660865599,0.0
0.4463944154832029,0.9078755943543261,0.0
0.16023046632014326,0.6611175115080995,1.0
0.4402637528294918,0.0764867690302854,0.0
0.6964631446525006,0.2473987555391537,1.0
0.039615522579517726,0.05994429824957326,0.0
0.06107853706678734,0.9077329574850395,0.0
0.739883917829101,0.8980623572137351,0.0
0.6725823112965214,0.5289399290308832,1.0
0.30444636434737826,0.9979622513286734,0.0
0.36218905893938935,0.47064894921390954,1.0
0.37824517492346177,0.9795269293354586,0.0
0.17465838539500578,0.32798800090807967,1.0
0.6803486660150015,0.06320761833863064,0.0
0.607249374011541,0.4776465028764161,1.0
0.2839999767621011,0.238413280924058,0.0
0.5145127432987567,0.36792758053704133,1.0
0.45651989126265535,0.3374773817642399,1.0
0.9704936935959776,0.13343943174560402,0.0
0.0968039531783742,0.34339172879091606,0.0
0.5910269008704913,0.6591764718500283,1.0
0.39725674716804205,0.9992779939221711,0.0
0.3518929961930426,0.7214066679599525,1.0
0.6375826945307929,0.8130538632474607,0.0
0.97622566345382,0.8897936564455402,0.0
0.7645619743577086,0.6982484778182906,1.0
0.3354981696758996,0.14768557820670736,0.0
0.06263600305980976,0.24190170420148482,0.0
0.4322814811812986,0.5219962736299825,1.0
0.7730835540548716,0.958740923056593,0.0
0.11732048038481102,0.10700414019379156,0.0
0.5896947230135507,0.745398073947293,1.0
0.8481503803469849,0.9358320802167885,0.0
0.983426242260642,0.3998016922245259,0.0
0.3803351835275731,0.14780867669727238,0.0
0.6849344386835594,0.6567619584408371,1.0
0.8620625958512073,0.09725799478764063,0.0
0.4977769078253418,0.5810819296720631,1.0
0.2415570400399184,0.16902540612916128,0.0
0.8595808364196215,0.058534922235558784,0.0
0.4706209039180729,0.11583400130088528,0.0
0.45705876133136736,0.9799623263423093,0.0
0.4237063534554728,0.8571249175045673,0.0
0.11731556418319389,0.27125207676186414,0.0
0.4037927406673345,0.39981214000933074,1.0
0.6713834786701531,0.34471812737550767,1.0
0.7137668684100164,0.6391868992253925,1.0
0.3991611452547731,0.43176012765431926,1.0
0.6145276998103207,0.07004219014464463,0.0
0.8224067383556903,0.6534211611136369,1.0
0.7263424644178352,0.5369230010823904,1.0
0.11047711099174473,0.4050356132969499,0.0
0.40537358284855607,0.3210429900432169,1.0
0.02995032490474936,0.7372542425964773,0.0
0.1097844580625007,0.6063081330450851,0.0
0.7032174964672158,0.6347863229336947,1.0
0.959142251977975,0.10329815508513862,0.0
0.8671671591051991,0.029190234848913255,0.0
0.534916854927084,0.4042436179392588,1.0
0.5241838603937582,0.3650998770600098,1.0
0.19056691494006806,0.01912289744868978,0.0
0.5181498137911743,0.8427768626848423,1.0
0.37321595574479416,0.22286381801498023,1.0
0.08053200347184408,0.08531092311870336,0.0
0.22139644629277222,0.10001406092155518,0.0
0.26503969836448205,0.06614946211695472,0.0
0.06560486720992564,0.8562761796227819,0.0
0.16212026070883323,0.559682405823448,0.0
0.7734555444490305,0.4564095653390666,1.0
0.15336887785934572,0.19959614212011434,0.0
0.43298420628118073,0.5282340891785358,1.0
0.3494402920485349,0.7814796002346613,1.0
0.7510216488563984,0.9272118073731179,0.0
0.02895254902696054,0.8956912912102034,0.0
0.39256878846215104,0.8783724953799941,0.0
0.6907847761565296,0.9873487570739682,0.0
0.7592824517166681,0.3645446259967866,1.0
0.5010631728347521,0.37638915519435123,1.0
0.3649118360212381,0.26090449938105975,1.0
0.4959702953734696,0.6817399450693612,1.0
0.2773402713052435,0.52437981107722,1.0
0.11738029417055718,0.1598452868541913,0.0
0.04680635471218875,0.9707314427706328,0.0
0.0038603515102610952,0.1785799680576563,0.0
0.6128667531169923,0.0813695988533053,0.0
0.8818965030968323,0.7196201578422882,0.0
0.9663899714378934,0.5076355472407649,0.0
0.3004036831584872,0.5495005727952714,1.0
0.9308187172979732,0.5207614372418605,0.0
0.26720703186231864,0.8773987891741196,0.0
0.3719187485124613,0.0013833499989991394,0.0
0.24768502249231594,0.3182335091770624,1.0
0.8587774682319022,0.458503167066445,0.0
0.44458728781130075,0.3361022663998874,1.0
0.8806781230470796,0.9450267769403914,0.0
0.9918903291546294,0.37674126696098675,0.0
0.9661474456271714,0.7918795696309013,0.0
0.6756891476442668,0.24488947942009942,1.0
0.2164572609442098,0.16604782452124567,0.0
0.9227566102253654,0.2940766623831661,0.0
0.45309424544887844,0.4939578339872235,1.0
0.7781715954502542,0.8442349615530241,0.0
0.1390727011486128,0.4269043602110737,1.0
0.8428548878354571,0.8180333057558384,0.0
0.1024137584524164,0.156383348867963,0.0
0.3041986915994078,0.07535906908334034,0.0
0.4246630028405929,0.10761770514958191,1.0
0.568217593669845,0.24655693981115612,1.0
0.5964330653496227,0.11752564290363765,0.0
0.9758838684185334,0.9325612038573404,0.0
0.3917969385646658,0.24217859412608544,1.0
0.2503982128535728,0.48339353520239203,1.0
0.03999280190071697,0.639705106075127,0.0
0.4083029083397448,0.3774065725888873,1.0
0.8093649714891984,0.70903546018329,0.0
0.954333815392692,0.3519362404956907,0.0
0.8975427646494055,0.7699671862500889,0.0
0.35742465159471304,0.6216654364532578,1.0
0.2885699576516956,0.8743999170748423,0.0
0.11242731721231125,0.21243436129404103,0.0
0.18303329207992114,0.40302600240428865,1.0
0.7452329600321291,0.5269074490521803,1.0
0.48767632353820756,0.0005459648969956543,0.0
0.4254017253550547,0.06355377483615843,0.0
0.20825325212148382,0.9323939389604944,0.0
0.2153982043432382,0.8583376386342625,0.0
0.8028933715613342,0.15914623694224284,0.0
0.6057119572702788,0.11566187190501331,0.0
0.7278881583695115,0.6374622773722066,1.0
0.8119385616910193,0.47938454938918806,1.0
0.9148630878333829,0.04934894678843971,0.0
0.29288856502701466,0.715052597465167,1.0
0.41810921174800086,0.17295135427115638,0.0
0.10721074542854603,0.8173391114616214,0.0
0.47314297846564424,0.8822836719191074,0.0
0.733289134316726,0.4097262056307436,1.0
0.37351101415568366,0.5156383466512517,1.0
0.8890599531897286,0.7372785797141679,0.0
0.00515296426902323,0.6941578513691256,0.0
0.9195074069058207,0.7104557595044916,0.0
0.1770057815674959,0.4835181274274587,1.0
0.1403160179234194,0.3589952783396321,0.0
0.9371170419405177,0.9233053075587083,0.0
0.2828368521760829,0.33963104416619916,1.0
0.6002128681312939,0.96319729526038,0.0
0.14780133406539042,0.2569166436866691,0.0
0.8735568272907714,0.4918922317083445,1.0
0.8989610922270317,0.18551789752317627,0.0
0.5326685874713607,0.32626963264937237,1.0
0.31654255989247604,0.44687696394619913,1.0
0.43307744910126844,0.3573468796779544,1.0
0.9149707703156186,0.7317441854328928,0.0
0.7275469913315297,0.2899134495919554,1.0
0.5777094243168404,0.779179433301834,1.0
0.7955903685432131,0.34453046075431226,0.0
0.7708727565686478,0.735893896807733,1.0
0.14150648562190027,0.8659454685664772,0.0
0.4413214701804108,0.48641044888866547,1.0
0.4483691788979973,0.5678460014775075,1.0
0.6211692473670547,0.4981795657629434,1.0
0.8667885432590956,0.6277347561952844,0.0
0.40142794930551995,0.41669175690871096,1.0
0.8108386151289514,0.3481919427465201,0.0
0.21145479578241355,0.059383188005789234,0.0
0.8760268479205742,0.9185464511903499,0.0
0.12012018216347597,0.33447374149611486,1.0
0.17537206951524387,0.11589846882587973,0.0
0.8998667430000302,0.05687725914535546,0.0
0.9804856634690068,0.09645086069738418,0.0
0.8634706491935857,0.5665061069891627,1.0
0.36791748781787337,0.3423423766251579,1.0
0.7573641432377087,0.3145732950042872,1.0
0.6573189166171418,0.5173260835160801,1.0
0.4849656451580705,0.9011621706491616,0.0
0.5546450586202596,0.8268616030486949,1.0
0.7255735341014894,0.03855724605899835,0.0
0.7731100525054192,0.21687025009104066,0.0
0.9031496468515715,0.042924190608832014,0.0
0.33307203447431877,0.09973294723475401,0.0
0.47558911708484375,0.8200224358697518,1.0
0.2981873596630641,0.1509348973110416,0.0
0.3302670356968992,0.813880141920636,0.0
0.14038395779934687,0.2273624490775018,0.0
0.06885196449337394,0.7057100439896077,0.0
0.3952332435363368,0.310839977143316,1.0
0.7186263903411519,0.33597754234025523,1.0
0.727771273214418,0.8151993953143135,0.0
0.21766284345773845,0.9738186968459833,0.0
0.16235794791266678,0.29084090665674256,1.0
0.17979529083354162,0.34550565635633446,0.0
0.4800608878207556,0.5221758690021191,1.0
0.853606042296272,0.8894479088158666,0.0
0.22010386078090638,0.6228940321857525,1.0
0.11149605729871559,0.4589698601820683,0.0
0.32233353804661813,0.3165007454536064,1.0
0.482584241712101,0.7298276355292675,1.0
0.0691826587923895,0.8791733376874045,0.0
0.7348137746305611,0.17649938888906014,0.0
0.9391609090873704,0.5063122240233886,0.0
0.9998085781169653,0.19725947430073765,0.0
0.5349081983832014,0.2902480425599284,1.0
0.30417355738924656,0.5910653808339902,1.0
0.9217190668708333,0.805263855579175,0.0
0.7239413985013259,0.5591737821017022,1.0
0.9222985036674477,0.49236140669088413,0.0
0.8738321783347182,0.8339816438766318,0.0
0.21383534680158656,0.7712254629659102,0.0
0.012171156943258765,0.3228295375480875,0.0
0.22956744469194978,0.5068629584873134,1.0
0.7368531616807855,0.09767636744772412,0.0
0.5149222019367684,0.9384120216943856,0.0
0.2286465509829455,0.6771411441114241,1.0
0.5928802707811576,0.01006369565609333,0.0
0.47582619585722274,0.7087703909410487,1.0
0.0439754320240906,0.8795214830237301,0.0
0.5200814166356731,0.03066104832571792,0.0
0.2244136119208402,0.953675696427313,0.0
0.5823197330520553,0.10747256776880454,1.0
0.2875445022805615,0.4567036258604842,1.0
0.020950069267730465,0.4116155136137588,0.0
0.48945863543469814,0.2436778752812322,1.0
0.5886390002919866,0.7532401195921768,1.0
0.23583422410563548,0.6204999002799877,1.0
0.6396222429637416,0.948540301128841,0.0
0.7782761672964438,0.848345269790006,0.0
0.49041990843627514,0.18534858697938283,1.0
0.995815292959635,0.1293557610386996,0.0
0.4714573193542654,0.0680930992421066,0.0
0.9438508573508195,0.9649249408484396,0.0
0.7193890620039736,0.3499928436301689,1.0
0.25438240111762433,0.2653033245370474,1.0
0.12729402542007473,0.5258089530767229,1.0
0.1418172757014775,0.3167306665534563,0.0
0.6267064759591049,0.7275436095907498,1.0
0.024272704622061214,0.4301159843767399,0.0
0.652124594842139,0.8532459761585128,0.0
0.4753247822120824,0.9692058717176852,0.0
0.2656325475414473,0.01350870662671888,0.0
0.4837528647017362,0.25611379502001796,1.0
0.8237176720231694,0.23277267218111208,0.0
0.3106292182913063,0.7912274310191123,0.0
0.71514325202536,0.5580512366572625,1.0
0.7049480619227595,0.4186368635700265,1.0
0.005310047614667801,0.011355128512192558,0.0
0.5112217875736866,0.08329097971899924,0.0
0.05107548016925678,0.9655166391374733,0.0
0.8590026396580586,0.15202722720956952,0.0
0.0006642185902044906,0.9416677953897564,0.0
0.2783252983201143,0.1858976028554975,1.0
0.6915081078315353,0.1089037388413262,0.0
0.2646495980028003,0.9750946802120465,0.0
0.6394627744740102,0.5206777914825536,1.0
0.39791861483493773,0.774500954884202,1.0
0.14095747652369373,0.9673378020369822,0.0
0.8611230080657867,0.6176569825692433,0.0
0.042906190402558164,0.7008556494477377,0.0
0.9132843408854808,0.524577067478626,0.0
0.3542248218272628,0.12027734497946962,0.0
0.7549011041375683,0.8850218512118062,0.0
0.10025174407584858,0.7589845547523419,0.0
0.017060486259097507,0.9670549180772195,0.0
0.6150580206350962,0.5524390589916331,1.0
0.2959498335889278,0.9292916715697834,0.0
0.265905627336791,0.8281466132166949,0.0
0.985108679337132,0.7833966455148058,0.0
0.5189899203864318,0.06607426385167192,0.0
0.472413789171073,0.43825594697170356,1.0
0.20279604118699524,0.42358763671430444,1.0
0.3577578840803387,0.16368426115164847,0.0
0.44137414333248615,0.26279995632448905,1.0
0.5220624206822644,0.03516005971619418,0.0
0.9062314197872842,0.8163643055198561,0.0
0.5525813325105046,0.8518085827572431,1.0
0.9623950738108005,0.11052229405266056,0.0
0.6308318084098038,0.9979940009356586,0.0
0.9878891693335261,0.6033229922907446,0.0
0.12802087045081667,0.5831928309905282,0.0
0.0020646355744217137,0.19891133466685962,0.0
0.95612315955996,0.3304405726028439,0.0
0.6383901057769485,0.2808594946322427,1.0
0.9478218871115895,0.7285587299494868,0.0
0.3296511575814126,0.7917614211803709,1.0
0.10816552447633765,0.3923189400654594,0.0
0.22121812773159233,0.6837264472760463,1.0
0.10244628177193038,0.3970258322826741,0.0
0.2766497302091896,0.5063429193238042,1.0
0.3498976805038789,0.706410577667011,1.0
0.024577024306966067,0.6339869213059075,0.0
0.23057128969382001,0.2687090287568493,0.0
0.8002556035835235,0.9555683939804208,0.0
0.3165502100270866,0.8268052703690757,0.0
0.1039908379712331,0.6339816530073832,0.0
0.7510322995349188,0.15597792803445654,0.0
0.42600238766956056,0.8927071642489816,0.0
0.10357846344837218,0.01809635820147515,0.0
0.5905853790479337,0.43553154053093346,1.0
0.7986892488839027,0.9234555382041066,0.0
0.2991536445438161,0.3884041171691053,1.0
0.48627208632931485,0.5881514604352993,1.0
0.9838538296816167,0.6973302508300515,0.0
0.3895485073455688,0.2637676864504621,1.0
0.9446257184221241,0.1355484331085064,0.0
0.720265852504758,0.9253950252924407,0.0
0.6646655865344386,0.42305444016612115,1.0
0.198990939925484,0.36747532225192725,1.0
0.7068718094201221,0.6495342241752968,1.0
0.9279761665983579,0.8668609136593749,0.0
0.8161507522663684,0.9114508753507623,0.0
0.2763371527370494,0.3695235401396495,1.0
0.3798939037860174,0.5604505887097803,1.0
0.668218229542771,0.2867166830403943,1.0
0.019462467309300346,0.3992223836579093,0.0
0.417022004702574,0.7203244934421581,1.0
0.00011437481734488664,0.30233257263183977,0.0
0.14675589081711304,0.0923385947687978,0.0
0.1862602113776709,0.34556072704304774,1.0
0.39676747423066994,0.538816734003357,1.0
0.4191945144032948,0.6852195003967595,1.0
0.20445224973151743,0.8781174363909454,0.0
0.027387593197926163,0.6704675101784022,0.0
0.41730480236712697,0.5586898284457517,1.0
0.14038693859523377,0.1981014890848788,0.0
0.8007445686755367,0.9682615757193975,0.0
0.31342417815924284,0.6923226156693141,1.0
0.8763891522960383,0.8946066635038473,0.0
0.08504421136977791,0.03905478323288236,0.0
0.1698304195645689,0.8781425034294131,0.0
0.0983468338330501,0.42110762500505217,0.0
0.9578895301505019,0.5331652849730171,0.0
0.6918771139504734,0.31551563100606295,1.0
0.6865009276815837,0.8346256718973729,0.0
0.018288277344191806,0.7501443149449675,0.0
0.9888610889064947,0.7481656543798394,0.0
0.2804439920644052,0.7892793284514885,0.0
0.10322600657764203,0.44789352617590517,0.0
0.9085955030930956,0.2936141483736795,0.0
0.28777533858634874,0.13002857211827767,0.0
0.019366957870297075,0.678835532939891,0.0
0.21162811600005904,0.2655466593722262,0.0
0.4915731592803383,0.053362545117080384,0.0
0.5741176054920131,0.14672857490581015,0.0
0.5893055369032842,0.6997583600209312,1.0
0.10233442882782584,0.4140559878195683,0.0
0.6944001577277451,0.41417926952690265,1.0
0.04995345894608716,0.5358964059155116,0.0
0.6637946452197888,0.5148891120583086,1.0
0.9445947559908133,0.5865550405019929,0.0
0.9034019152878835,0.13747470414623753,0.0
0.13927634725075855,0.8073912887095238,0.0
0.3976768369855336,0.16535419711693278,1.0
0.9275085803960339,0.34776585974550656,0.0
0.7508121031361555,0.7259979853504515,1.0
0.8833060912058098,0.6236722070556089,0.0
0.7509424340273372,0.34889834197784253,1.0
0.2699278917650261,0.8958862181960668,0.0
0.4280911898712949,0.9648400471483856,0.0
0.6634414978184481,0.6216957202091218,1.0
0.11474597295337519,0.9494892587070712,0.0
0.4499121334799405,0.5783896143871318,1.0
0.40813680276128117,0.2370269802430277,1.0
0.9033795205622538,0.5736794866722859,1.0
0.00287032703115897,0.6171449136207239,0.0
0.32664490177209615,0.5270581022576093,1.0
0.8859420993107745,0.35726976000249977,0.0
0.9085351509197992,0.6233601157918027,0.0
0.015821242846556283,0.9294372337437613,0.0
0.690896917516924,0.9973228504514805,0.0
0.17234050834532855,0.13713574962887776,0.0
0.9325954630371636,0.6968181614899002,0.0
0.06600017272206249,0.7554630526024664,0.0
0.7538761884612464,0.9230245355464833,0.0
0.7115247586284718,0.1242709619721647,0.0
0.01988013383979559,0.026210986877719278,0.0
0.028306488020794607,0.2462110676030459,0.0
0.860027948682888,0.5388310643416528,0.0
0.5528219786857659,0.8420308923596057,0.0
0.12417331511991114,0.2791836790111395,0.0
0.5857592714582879,0.9695957483196745,0.0
0.56103021925571,0.01864728937294302,0.0
0.8006326726806163,0.23297427384102043,0.0
0.8071051956187791,0.38786064406417176,0.0
0.8635418545594287,0.7471216427371846,0.0
0.5562402339904189,0.13645522566068502,1.0
0.05991768951221166,0.12134345574073735,0.0
0.044551878544761725,0.1074941291060929,0.0
0.2257093386078547,0.7129889803826767,1.0
0.5597169820541424,0.012555980159115854,0.0
0.07197427968948678,0.967276330000272,0.0
0.5681004619199421,0.20329323466099047,1.0
0.2523257445703234,0.7438258540750929,0.0
0.1954294811093188,0.5813589272732578,0.0
0.9700199890883123,0.8468288014900353,0.0
0.23984775914758616,0.49376971426872995,1.0
0.6199557183813798,0.8289808995501787,1.0
0.15679139464608427,0.018576202177409518,0.0
0.07002214371922233,0.4863451109370318,0.0
0.6063294616533303,0.5688514370864813,1.0
0.31736240932216075,0.9886161544124489,0.0
0.5797452192457969,0.3801411726235504,1.0
0.5509482191178968,0.7453344309065021,1.0
0.6692328934531846,0.2649195576628094,1.0
0.06633483442844157,0.3700841979141063,0.0
0.6297175070215645,0.2101740099148396,1.0
0.7527555537388139,0.06653648135411494,0.0
0.26031509857854096,0.8047545637433454,0.0
0.19343428262332774,0.6394608808799401,1.0
0.5246703091237337,0.9248079703993507,1.0
0.263296770487111,0.06596109068402378,0.0
0.7350659632886695,0.7721780295432468,0.0
0.907815852503524,0.9319720691968373,0.0
0.013951572975597015,0.2343620861214205,0.0
0.6167783570016576,0.9490163206876164,0.0
0.9501761192470797,0.5566531881951564,0.0
0.9156063497662745,0.6415662089463375,0.0
0.39000771414124624,0.48599066709690975,1.0
0.6043104829199732,0.5495479215085626,1.0
0.9261814267064536,0.9187334356336061,0.0
0.3948756129235549,0.9632625284407118,0.0
0.17395566668046436,0.12632951943963733,0.0
0.13507915804673132,0.5056621656768967,0.0
0.021524805274197978,0.947970211217681,0.0
0.8271154711707325,0.015018980742122379,0.0
0.17619625557505525,0.332063574366837,0.0
0.1309968448109169,0.8094906921265821,0.0
0.34473665268329345,0.9401074823333672,0.0
0.58201417994708,0.8788319844118441,0.0
0.8447344453922219,0.9053923187086492,0.0
0.45988026581680697,0.5463468160203733,1.0
0.7986035911520394,0.28571885173414757,1.0
0.4902535226199277,0.5991103076458784,1.0
0.015533275550835723,0.5934814081966372,0.0
0.4336763489894583,0.8073605288848414,1.0
0.31524480309537295,0.8928887085251513,0.0
0.5778572152845355,0.18401020162746506,1.0
0.7879292338255043,0.6120311770449339,1.0
0.053909272073752956,0.4201936800011322,0.0
0.6790688365654296,0.9186017779775258,0.0
0.00040202489135743313,0.9767591490310596,0.0
0.37658031474577447,0.9737835383583225,0.0
0.604716100974053,0.828845807980693,0.0
0.5747115047081023,0.6280761983073504,1.0
0.28557628169569393,0.586833340656083,1.0
0.7500217637026599,0.8583138364290424,0.0
0.7550821884676802,0.698057248447303,1.0
0.8644794300545998,0.32268099683674645,0.0
0.6707887907875872,0.45087393641334916,1.0
0.3821027520315172,0.4108113499221856,1.0
0.4014795834695406,0.3173839459582769,1.0
0.6219193679203014,0.43024727082126435,1.0
0.9738020779272523,0.6778008914343111,0.0
0.19856988842711087,0.4267010093480328,1.0
0.343346239774423,0.7976388039585666,1.0
0.8799982885634318,0.903841955826372,0.0
0.6627198123752622,0.2702082620297578,1.0
0.25236670150458973,0.8548979426974024,0.0
0.5277146463087466,0.8021610840045981,1.0
0.5724885171916063,0.7331425252875111,1.0
0.5190116274640558,0.770883910501888,1.0
0.5688579907047155,0.4657098785919809,1.0
0.3426889079532818,0.06820934841670412,0.0
0.37792417932809985,0.07962607769825236,0.0
0.982817113730445,0.18161285133076377,0.0
0.8118586977205398,0.8749616449558981,0.0
0.6884132523859433,0.5694944127453757,1.0
0.16097143681560877,0.4668800227633063,1.0
0.345172051155215,0.2250399578140846,1.0
0.5925118687657968,0.31226983770191696,1.0
0.9163055534683507,0.9096355249515571,0.0
0.2571182937821962,0.1108913007440292,0.0
0.19296273201911285,0.49958417067888605,1.0
0.7285856679745962,0.20819443840879148,1.0
0.24803355837723073,0.851671874936367,0.0
0.41584871826752734,0.6166850671552362,1.0
0.23366613923925006,0.10196725942579743,0.0
0.5158570169685298,0.47714098704978236,1.0
0.15267164409316325,0.6218062317404155,0.0
0.5440101188139381,0.6541373469707443,1.0
0.1445455401246598,0.7515278171352439,0.0
0.2220491397999227,0.519351824366033,1.0
0.7852960282216189,0.02233042799180618,0.0
0.3243624597261865,0.872922376400111,0.0
0.8447096076020696,0.5384405925945437,1.0
0.866608274166513,0.9498059913536265,0.0
0.8264069976293413,0.8541154438365387,0.0
0.09874340182034835,0.651304332340991,0.0
0.703516988152653,0.6102408126466297,1.0
0.799615261736028,0.03457121987163425,0.0
0.7702387345549799,0.731728600739527,0.0
0.2596983932983531,0.2570692988221467,1.0
0.6323033174301278,0.34529746159108154,1.0
0.7965886780072875,0.44614623200345727,1.0
0.7827494147841719,0.9904717836238407,0.0
0.30024833953390007,0.14300582825809938,0.0
0.9013084363492738,0.5415593788873733,0.0
0.9747403708550822,0.6366044000018972,0.0
0.9939130246104789,0.5460708041429516,0.0
0.5264259339055213,0.1354279030721699,0.0
0.3557051709838811,0.026218567296373285,0.0
0.1603951795196491,0.7456371927074961,0.0
0.03039968992878883,0.36654309724374434,0.0
0.8623462528380441,0.6926777175073543,0.0
0.6909421420661686,0.18863680095531088,0.0
0.44190428074842336,0.5815774073442912,1.0
0.9897517076637052,0.20390622523312185,0.0
0.24773290176235485,0.26217308377291193,1.0
0.7501724132979928,0.4569753274356928,1.0
0.05692943841109499,0.5085162406102396,0.0
0.21196016464367595,0.7986042447602102,0.0
0.29733138150727223,0.02760601195450363,0.0
0.593432449464621,0.8438404289311888,0.0
0.3810161240622142,0.7498583107261434,1.0
0.5111414782971282,0.5409518049621886,1.0
0.9594343210617524,0.8039608914986468,0.0
0.03232306662357398,0.7093872512312951,0.0
0.46500148156350607,0.9475489413950998,0.0
0.2214327343234883,0.2670720196843658,0.0
0.081473964877262,0.42861882866378653,0.0
0.10901876401906829,0.6337867606119179,1.0
0.8029632373737379,0.6968004961201785,0.0
0.7662113810757705,0.3424541198435198,1.0
0.8458514830276777,0.42876877499944255,0.0
0.8240098704123188,0.6264961586242938,1.0
0.1434230486702449,0.07838689985494796,0.0
0.01833264291300729,0.06672499763935646,0.0
0.4585838137084318,0.11334192276759048,0.0
0.027783348848669953,0.7548614813904674,0.0
0.3948504804606394,0.7469384956075251,1.0
0.45240482674645155,0.4500867470007611,1.0
0.47807250671783097,0.47400392656219403,1.0
0.8031633421141696,0.40239251985773583,1.0
0.904686160343623,0.037061047954035864,0.0
0.7738743427204187,0.12564138113773882,0.0
0.6185135669120855,0.010364261335231939,0.0
0.538627282576347,0.0030179566195963625,0.0
0.9511937854902045,0.905402033702778,0.0
0.7959669419422694,0.9152743199147875,0.0
0.14555823115839706,0.15773006987053328,0.0
0.187631672902434,0.6224959022999211,1.0
0.9058094960083019,0.9899551783590737,0.0
0.7111224587658159,0.7318004091422953,1.0
0.9092932045442544,0.4008737323711209,0.0
0.24985068022503676,0.17343017078712286,0.0
0.119457050333729,0.8126105880328287,0.0
0.14679237341724316,0.2642974827269007,0.0
0.8190891786335308,0.31058725179421,0.0
0.9824174492929428,0.2666387021516352,0.0
0.5336533449712114,0.31446701118584963,1.0
0.9107728311738374,0.36655664385123443,0.0
0.43359232727316455,0.5122926922783614,1.0
0.9388864773697133,0.030949006271150714,0.0
0.7168786636316892,0.8910189542923389,0.0
0.027287223517468817,0.5220512472525107,0.0
0.3259898117700253,0.8594893208655858,1.0
0.5585165509225178,0.6902278681627478,1.0
0.45285349995153745,0.6283090375213571,1.0
0.2900968516874258,0.009348577966515781,0.0
0.5767559349870908,0.3114442141324628,1.0
0.5172675985011298,0.9164058530538978,0.0
0.426474788501396,0.2473960366023854,1.0
0.37129376127905445,0.9318611166365406,0.0
0.9368683813090937,0.8443299485657132,0.0
0.9202065143056605,0.22790028995131695,0.0
0.08748220955359087,0.22730973628468876,0.0
0.31437661611405043,0.17476587635631158,0.0
0.6070941619724605,0.41358641500116133,1.0
0.8163515118272141,0.18513039826903066,0.0
0.7018765297563104,0.24035562484913886,1.0
0.5742190888408597,0.34898759722078887,1.0
0.05696439948283272,0.22881367096037586,0.0
0.6641025553547935,0.4972500933605313,1.0
0.5190159840736788,0.1747201501089225,1.0
0.5707158515462564,0.99675342520821,0.0
0.8168351087916219,0.5943726238309778,1.0
0.9759890683309049,0.9015625846693213,0.0
0.5956079336026455,0.032426325314457105,0.0
0.09357709581748075,0.06537171504222639,0.0
0.4517331486914753,0.37543483316785775,1.0
0.9753500342702865,0.1679832931996149,0.0
0.9727875919326552,0.7674748688630131,0.0
0.8242378396244978,0.6326158167779973,0.0
0.668732770206732,0.47688233352119336,1.0
0.013136356923072245,0.3530060855418248,0.0
0.49207180149355845,0.7300912110901043,1.0
0.4686283427461092,0.4574049160894317,1.0
0.13766274094560316,0.01088873380347899,0.0
0.7582782604769962,0.3199528380776784,1.0
0.9843834501935107,0.220234226159156,0.0
0.33870802548167966,0.5238961356661317,1.0
0.7548914570605327,0.46385778390029564,1.0
0.12482254311167629,0.3125013784920495,0.0
0.5045191697009946,0.6738490080168676,1.0
0.7701499563120922,0.13033578095435427,0.0
0.022915131322381765,0.5190823222119895,0.0
0.8099887106624163,0.012603767029876312,0.0
0.6724698446537339,0.6868082266569918,1.0
0.44924675358663757,0.9147886867419343,0.0
0.6443610847569929,0.005239837651465851,0.0
0.4844284455143756,0.8593178060976,0.0
0.8303995700373394,0.6491541971124779,1.0
0.6736984238986317,0.5784995797892005,1.0
0.27411977516685215,0.5605299905360588,1.0
0.6717297848174203,0.35242963021640883,1.0
0.8558283672539277,0.1950374860087073,0.0
0.7473208103319232,0.2896027461868774,1.0
0.773799287244182,0.4277373293360762,1.0
0.8076984091122095,0.3535348626679904,1.0
0.21369323762958115,0.7672845084217665,0.0
0.3086419476306511,0.7332450677264275,1.0
0.7444731530777321,0.22139670090820107,0.0
0.21411213682064845,0.1989479234270667,0.0
0.14251833776584466,0.3770825992073341,1.0
0.026627884691621473,0.11092036903424063,0.0
0.6745640237634105,0.7997765368973863,1.0
0.0805295271283859,0.23170231048579204,0.0
0.20762566180381437,0.9173335630816306,0.0
0.7113145181364867,0.5538846110514143,1.0
0.30451798792062024,0.8348540476317985,0.0
0.43530595762951996,0.9234562151187752,0.0
0.7060518043359332,0.47803130796528337,1.0
0.1262101037493587,0.9760435504677476,0.0
0.15983365034409336,0.2026021252196626,0.0
0.43118175516037094,0.40420190577514725,1.0
0.14675148076429412,0.7293189193611234,0.0
0.18874506687718595,0.6438956443116628,1.0
0.7543059505762987,0.21073239208332073,0.0
0.60095424810764,0.7489283752458364,1.0
0.6382187106203334,0.5971273029466491,1.0
0.29548228565549706,0.7316064712415088,1.0
0.9453084399999497,0.42556139026154693,0.0
0.7821818168314053,0.056141039661915304,0.0
0.8352716024899659,0.1922500168221477,0.0
0.3950968688899732,0.30008104592535645,1.0
0.08010364380604929,0.9046310029362429,0.0
0.37015417755373825,0.5306974384761395,1.0
0.49411626589632507,0.13216114194293815,1.0
0.20645405888943302,0.07618880903232117,0.0
0.5079216999452875,0.2615495518329871,1.0
0.3570616088827919,0.10806532869723684,0.0
0.7875518396525072,0.1065838767888011,0.0
0.9857088237131878,0.17716116443841734,0.0
0.5724051124346493,0.044845334589088126,0.0
0.7871162896558341,0.18960594781829654,0.0
0.5279039784081266,0.7400775431590716,1.0
0.14993148491725594,0.5510871741869717,0.0
0.2166172083287794,0.7591960493171447,0.0
0.7229151935562137,0.17654903427708302,1.0
0.8619665576670734,0.019775099516344263,0.0
0.8602369974231152,0.5589038111609383,0.0
0.4032204721058492,0.7587469310223366,1.0
0.7169290016924699,0.9873261748084265,0.0
0.2780850486129828,0.0037936724093425855,0.0
0.9339026083148878,0.8578971045378938,0.0
0.7288508775192559,0.5166887829215384,1.0
0.706956245248761,0.7805295568767427,0.0
0.3748759435368594,0.7703225253299576,1.0
0.7506243191751754,0.6132112115442597,1.0
0.4018659239678374,0.6973080192643409,1.0
0.0031128578251921057,0.7748966467245978,0.0
0.896416602456847,0.23931570743750463,0.0
0.12076718430922972,0.2202839877937276,0.0
0.3020967312900983,0.8830285085638342,0.0
0.5431664302380945,0.2867116496064306,1.0
0.13835468979294652,0.29014446310454167,0.0
0.6138710897412526,0.3241385298974466,1.0
0.45736018169099846,0.44411710701661444,1.0
0.8281353607315121,0.4263481542362306,1.0
0.3456988211755023,0.6749716048091052,1.0
0.22148205573352875,0.4672458239265538,1.0
0.31476568732401644,0.6268556021628346,1.0
0.8773604746948126,0.4476890001456285,0.0
0.7844574187919231,0.4569657005615504,1.0
0.6562293317171314,0.13184097502750214,0.0
0.43298150696764814,0.9093119886549367,0.0
0.6054790010309347,0.7667745872371021,1.0
0.5047006080958943,0.49805562482800747,1.0
0.8428998401928499,0.06780693434095375,0.0
0.5732722715496846,0.9427625754329493,0.0
0.5178600481723219,0.1944658095278845,1.0
0.8479393924434762,0.25163914235585283,0.0
0.700726036482538,0.5402609403968999,1.0
0.9488362882802196,0.6243367024026759,0.0
0.8379779620477293,0.007932876194523097,0.0
0.989340056166638,0.07771457033238649,0.0
0.3221295136147696,0.9461523954567653,0.0
0.008939102371245067,0.8227300054219355,0.0
0.8612116383667944,0.4398308142085725,0.0
0.2557451938059312,0.8026895196332986,0.0
0.47786200443222115,0.13433860865569613,0.0
0.9278489928250108,0.8959699670066484,0.0
0.49154515001693533,0.8567024965177922,1.0
0.41857802576409864,0.6834649001663011,1.0
0.39799063940792245,0.5057420174508104,1.0
0.1895517028339273,0.9649889241109139,0.0
0.2942156882442547,0.10345955611640134,0.0
0.1443154002290481,0.014092294192442956,0.0
0.7159456994623945,0.5644983202408741,1.0
0.7945783511847522,0.5070799232841364,1.0
0.7918210395041538,0.6957642142718394,1.0
0.7778484768591754,0.4064828689770863,1.0
0.6477706331874812,0.1797942976929744,1.0
0.321819963387904,0.1726046201197925,0.0
0.4086372250132624,0.2414187479655988,1.0
0.4069219941293579,0.9752223424373121,0.0
0.32031932582203126,0.9824909449748953,0.0
0.6363061258559836,0.375091018393911,1.0
0.8574844990835966,0.6195867393685738,0.0
0.25203308013083936,0.7928556779768876,0.0
0.43293850873416306,0.3575111673304414,1.0
0.33027693652508094,0.6973688756131394,1.0
0.26865012390622656,0.8082780137053801,0.0
0.2952887943998478,0.5441213835853572,1.0
0.4879214918052024,0.8553564125953698,0.0
0.8883864343953859,0.18438444236776674,0.0
0.585348458938251,0.8982050460171371,0.0
0.4461172190344297,0.9218683054838154,0.0
0.2789908904569709,0.6088311741937957,1.0
0.6824537097668154,0.2282057333504841,1.0
0.013767512557716799,0.4167239623706961,0.0
0.938481891856734,0.34302810983040655,0.0
0.7797442954825999,0.17473631282740743,0.0
0.34195283630245243,0.14459772083809674,0.0
0.716770814146376,0.6993076236968142,1.0
0.6884973179489188,0.25339603448629966,1.0
0.6923601216234089,0.22729754091594956,1.0
0.4246491159313397,0.37192212166768723,1.0
0.3553079116201222,0.05765480724125638,0.0
0.6316466268659396,0.7073166026816995,1.0
0.6135886945028356,0.6483127561631246,1.0
0.16994071421725776,0.14944679893886248,0.0
0.5141750435258828,0.8753327263545391,1.0
0.18395344154722204,0.4628391187082599,1.0
0.42893233402990294,0.4972891859195163,1.0
0.16151077048601192,0.34244064113481054,0.0
0.2618804041035202,0.844526943229479,0.0
0.8003322457764017,0.4266391582681436,1.0
0.6070154607890389,0.14546561026621996,0.0
0.5096132942175586,0.29694708578690454,1.0
0.8596509535692011,0.6715983809063899,0.0
0.633474012622421,0.12475130006917923,0.0
0.4705878794988857,0.9865727795868815,0.0
0.9482991740726651,0.6450856402604436,0.0
0.15172487103197363,0.639126848719905,0.0
0.5656621125439275,0.468665837661252,1.0
0.42803746946827015,0.5992697556580301,1.0
0.8499698885159654,0.7511210403719374,0.0
0.579360540297233,0.9247041815360281,0.0
0.06473998344154885,0.9913465087318091,0.0
0.05299454266798953,0.19949554613856135,0.0
0.42275266164456093,0.10750887618516769,0.0
0.6236704109977018,0.047992564048867314,0.0
0.28462388100694214,0.06103668111967109,0.0
0.7035193311050811,0.668456167589482,1.0
0.3785805932506022,0.1881942600298212,1.0
0.7470048290299451,0.34037929076546725,1.0
0.7953011674056428,0.4879009391796203,1.0
0.5256694443509794,0.028490849491567216,0.0
0.6442320198790318,0.3506565024321674,1.0
0.2292050272920657,0.4338833762117006,1.0
0.3824674572709176,0.46978904008636024,1.0
0.9794833541798064,0.36437807036823044,0.0
0.7744101333360395,0.5527675965498925,1.0
0.8891310891074828,0.354952851149572,0.0
0.24551868018650747,0.9110192396569683,0.0
0.04353426375776537,0.9507534280610023,0.0
0.5564069156709253,0.3763632166870875,1.0
0.9950523223391111,0.05836264614763165,0.0
0.5167063597676121,0.03109707545554785,0.0
0.5711757391862334,0.18046850899511557,1.0
0.6309592003395305,0.9809236757505815,0.0
0.8749025512123809,0.45183624942087064,1.0
0.7084608700517172,0.7774687500031893,1.0
0.4948430841825636,0.5285334901775651,1.0
0.1507843983721926,0.36939992561190627,0.0
0.14222125307278666,0.7268937533445626,0.0
0.4770129944022632,0.44887883670676554,1.0
0.8859979711653513,0.5276187723115614,0.0
0.4090908319168599,0.26889202221264585,1.0
0.07201203516976995,0.4181361337253158,0.0
0.025753482406583372,0.29115394055242805,0.0
0.5035095098483965,0.9659330650197223,0.0
0.10938291419358459,0.673041054216622,0.0
0.49993237109919997,0.777098229275783,1.0
0.14360699787420927,0.08320263643587555,0.0
0.3992186053524538,0.7969622519799001,1.0
0.1916757389098901,0.767777192147274,0.0
0.2902979970618682,0.21689148761179533,0.0
0.016715589077006432,0.3986590599223787,0.0
0.38108149129345237,0.6593449361953647,1.0
0.07091840047038722,0.15260398704227185,0.0
0.016575882900934147,0.11379635644740682,0.0
0.6517892760100904,0.4026568521749192,1.0
0.32102631416731586,0.5579119942437725,1.0
0.9934604630998499,0.8344865140180296,0.0
0.6996231823995839,0.9182585891320579,0.0
0.03972870668308481,0.07033344161552524,0.0
0.4740062899880546,0.3491674129570773,1.0
0.9372520621284489,0.48956496114516856,0.0
0.5396491100933506,0.8952603657312208,0.0
0.4466350458236905,0.8770343892703519,0.0
0.25358174937162836,0.27380970415810857,1.0
0.32836139008759013,0.5475642704809535,1.0
0.22012867402698122,0.6714291710812733,1.0
0.1427932828030004,0.09410027449963942,0.0
0.8701917462053776,0.23686870355699852,0.0
0.3860040110225955,0.5715420927253323,1.0
0.52580196995147,0.07602387944210687,0.0
0.8741259355980283,0.9511356184186921,0.0
0.8125073041746718,0.2838018349468743,1.0
0.5278467961179595,0.3394167240176095,1.0
0.5546673107876667,0.9744034689130026,0.0
0.3117029177189814,0.6687966059228697,1.0
0.3259672073089859,0.7744772660150796,1.0
0.3258099666132048,0.889827341447375,0.0
0.7517077209192669,0.7626320954451107,0.0
0.46947902855992574,0.21076450246870537,1.0
0.041475079576498874,0.3218287999702445,0.0
0.03711266449399442,0.6938554113738997,0.0
0.6703500319361684,0.430471782744975,1.0
0.767788977658173,0.5360084947395637,1.0
0.03985992663545257,0.13479311796067905,0.0
0.19341639901491836,0.3356638011646498,1.0
0.05231294643747675,0.6051167805003662,0.0
0.5120610275239188,0.6174610120171561,1.0
0.43235559476434404,0.8477004682374377,1.0
0.4540590560591513,0.015403519791920894,0.0
0.8730681484470995,0.6562015477440989,0.0
0.823003040648471,0.9517756930338517,0.0
0.050912383516887205,0.23507186409101455,0.0
0.0633434434563398,0.4216578860324509,0.0
0.863829145501452,0.0816239827150681,0.0
0.4731119528858785,0.12554310980872363,0.0
0.7728856021671178,0.8414221567958434,0.0
0.04329093818615859,0.48644074317039476,0.0
0.23941104413775594,0.9524737816932592,0.0
0.9438926277837961,0.6139340023847009,0.0
0.9734873973251963,0.344861343716251,0.0
0.8978507176676818,0.4345949734085095,1.0
0.23581463714751372,0.9408279632013994,0.0
0.6842180509832275,0.06491158533912933,0.0
0.8704248568230661,0.7013802946333463,0.0
0.6049268729742817,0.7323748991793305,1.0
0.2534390424997808,0.6004889552745444,1.0
0.8146191812616553,0.05411366032399989,0.0
0.13051067133926597,0.8424458099564136,0.0
0.6183458693278855,0.531287810481058,1.0
0.2482907289970986,0.2950785752494959,1.0
0.8726861649194619,0.42166593484970927,1.0
0.0644302555796068,0.8969850695075825,0.0
0.20338083282405106,0.8262275354923914,0.0
0.8817706230828073,0.48675074481833813,1.0
0.5984646931046363,0.527267456485417,1.0
0.624821294185499,0.8550417213473515,0.0
0.2821394484048606,0.8837555081806009,0.0
0.5676903301191493,0.11510304096690338,0.0
0.22700116521465796,0.5959823856130138,1.0
0.23944623690468037,0.13141566053746057,0.0
0.16184771412383514,0.8448725182357391,0.0
0.6021836538927108,0.9635670871883419,0.0
0.34567921329602547,0.5956250981349497,1.0
0.5989852889734197,0.6157042872039488,1.0
0.05917720718572239,0.7503171845746859,0.0
0.9482094981876252,0.5346790571795887,0.0
0.1925560209550684,0.7529259149799422,0.0
0.0073189693278638,0.32825610365078084,0.0
0.9176063476443932,0.5883673328938768,0.0
0.8551902839041353,0.6046720523491877,1.0
0.822578152523871,0.8794835234293169,0.0
0.3209863745244532,0.12295477155217849,0.0
0.7213033441865708,0.44034708683123824,1.0
0.1267357091420086,0.5898236481098892,1.0
0.03606831456985993,0.20018211641098693,0.0
0.7883011896679689,0.012096760015357866,0.0
0.3033456717085691,0.021375961088070716,0.0
0.9974849927283295,0.5820299763434618,0.0
0.29337627848605663,0.9289494618931157,0.0
0.5071194235482045,0.4546922275524069,1.0
0.5878715062961865,0.2641376442105696,1.0
0.3052882993474333,0.37165457672418245,1.0
0.24444799937161088,0.5845472661166298,1.0
0.6958461339323264,0.07194722016400112,0.0
0.9710833196254638,0.7530706558694549,0.0
0.8061631629534083,0.7516404040812905,1.0
0.0800609772712173,0.48169628302117706,0.0
0.44567295640165605,0.6724726505249299,1.0
0.4487372588243219,0.7043133983839096,1.0
0.6816453376026229,0.6971485287527562,1.0
0.6186007425615364,0.15098073327964578,1.0
0.760802456305756,0.781045822193957,0.0
0.9041029859138049,0.23376869260410593,0.0
0.17667889307234141,0.3910991231067624,0.0
0.3205646539951602,0.8154769290056262,0.0
0.6135258996684316,0.7600017523497489,1.0
0.4276650996969642,0.09944056291558923,1.0
0.11503501205024624,0.3734071317371953,0.0
0.19384776750950716,0.8207464986229382,0.0
0.5996360084237168,0.688845259018665,1.0
0.4911099613042962,0.08817368124218106,0.0
0.23507763668617032,0.461602080891622,1.0
0.19859150305392625,0.0254762357788203,0.0
0.7293976982561526,0.7249167472191191,1.0
0.33039174636170277,0.8434941260636555,0.0
0.42844247595107343,0.8646861447635343,1.0
0.6570654246228895,0.5810356574180902,1.0
0.200727488035091,0.5295466104783949,1.0
0.8944324184275724,0.30499397583521604,0.0
0.8709456091610533,0.9087452728583881,0.0
0.32984456268188234,0.6830743663365642,1.0
0.8992209495659688,0.07569688175830336,0.0
0.8785878632047704,0.1908393632684806,0.0
0.8497689100179306,0.6671187886992039,1.0
0.34433919545005387,0.151375569992799,0.0
0.6353709614884534,0.8477880437147416,1.0
